{
  "spmv": {
    "kernel": "spmv",
    "c_time_ms": 0.14069709926843643,
    "triton_kernel_ms": 0.18484437838196754,
    "triton_total_ms": 0.6022469326853752,
    "kernel_speedup": 0.7611651514643092,
    "total_speedup": 0.23362028369505894
  },
  "lj_force": {
    "kernel": "lj_force",
    "c_time_ms": 0.9807379916310309,
    "triton_kernel_ms": 0.0398227758705616,
    "triton_total_ms": 0.448067095130682,
    "kernel_speedup": 24.62756475889033,
    "total_speedup": 2.1888194921900963
  },
  "srad": {
    "kernel": "srad",
    "c_time_ms": 26.270106062293053,
    "triton_kernel_ms": 1.2822658754885197,
    "triton_total_ms": 2.111416421830654,
    "kernel_speedup": 20.487253513070858,
    "total_speedup": 12.44193508711852
  }
}