{
  "heat_3d": {
    "c_ref_time_ms": 7.25422,
    "triton_time_ms": 0.587042,
    "speedup": 12.357245
  },
  "trmm": {
    "c_ref_time_ms": 0.689659,
    "triton_time_ms": 0.066384,
    "speedup": 10.388974
  },
  "lu": {
    "c_ref_time_ms": 1.929113,
    "triton_time_ms": 4.985715,
    "speedup": 0.386928
  },
  "gemm": {
    "c_ref_time_ms": 0.238898,
    "triton_time_ms": 0.079134,
    "speedup": 3.018889
  },
  "2mm": {
    "c_ref_time_ms": 0.579607,
    "triton_time_ms": 0.155304,
    "speedup": 3.732084
  },
  "3mm": {
    "c_ref_time_ms": 2.027987,
    "triton_time_ms": 0.155489,
    "speedup": 13.04266
  },
  "adi": {
    "c_ref_time_ms": 4.675911,
    "triton_time_ms": 19.564296,
    "speedup": 0.239002
  },
  "atax": {
    "c_ref_time_ms": 0.136858,
    "triton_time_ms": 0.05915,
    "speedup": 2.313744
  },
  "bicg": {
    "c_ref_time_ms": 0.314307,
    "triton_time_ms": 0.089493,
    "speedup": 3.512067
  },
  "cholesky": {
    "c_ref_time_ms": 0.461765,
    "triton_time_ms": 2.111353,
    "speedup": 0.218706
  },
  "correlation": {
    "c_ref_time_ms": 0.652071,
    "triton_time_ms": 0.114298,
    "speedup": 5.705024
  },
  "covariance": {
    "c_ref_time_ms": 1.073415,
    "triton_time_ms": 0.145041,
    "speedup": 7.400768
  },
  "doitgen": {
    "c_ref_time_ms": 0.382819,
    "triton_time_ms": 0.075587,
    "speedup": 5.0646
  },
  "durbin": {
    "c_ref_time_ms": 0.142448,
    "triton_time_ms": 0.47499,
    "speedup": 0.299897
  },
  "floyd_warshall": {
    "c_ref_time_ms": 4.150095,
    "triton_time_ms": 2.463502,
    "speedup": 1.684633
  },
  "gemver": {
    "c_ref_time_ms": 0.38902,
    "triton_time_ms": 0.200217,
    "speedup": 1.942991
  },
  "gesummv": {
    "c_ref_time_ms": 0.328731,
    "triton_time_ms": 0.083202,
    "speedup": 3.950985
  },
  "gramschmidt": {
    "c_ref_time_ms": 0.812478,
    "triton_time_ms": 1.334089,
    "speedup": 0.609013
  },
  "jacobi_1d": {
    "c_ref_time_ms": 0.081864,
    "triton_time_ms": 0.04113,
    "speedup": 1.990382
  },
  "jacobi_2d": {
    "c_ref_time_ms": 0.602601,
    "triton_time_ms": 1.025741,
    "speedup": 0.587479
  },
  "ludcmp": {
    "c_ref_time_ms": 1.420596,
    "triton_time_ms": 10.225912,
    "speedup": 0.138921
  },
  "mvt": {
    "c_ref_time_ms": 0.249773,
    "triton_time_ms": 0.118261,
    "speedup": 2.112042
  },
  "symm": {
    "c_ref_time_ms": 0.357118,
    "triton_time_ms": 0.083768,
    "speedup": 4.263168
  },
  "syr2k": {
    "c_ref_time_ms": 0.527916,
    "triton_time_ms": 0.081439,
    "speedup": 6.482337
  },
  "syrk": {
    "c_ref_time_ms": 0.50438,
    "triton_time_ms": 0.08096,
    "speedup": 6.230022
  },
  "trisolv": {
    "c_ref_time_ms": 0.250411,
    "triton_time_ms": 0.230789,
    "speedup": 1.085023
  },
  "fdtd_2d": {
    "c_ref_time_ms": 0.368025,
    "triton_time_ms": 1.075719,
    "speedup": 0.34212
  },
  "nussinov": {
    "c_ref_time_ms": 1.541969,
    "triton_time_ms": 14.66976,
    "speedup": 0.105112
  },
  "seidel_2d": {
    "c_ref_time_ms": 7.483992,
    "triton_time_ms": 38.158106,
    "speedup": 0.196131
  },
  "deriche": {
    "c_ref_time_ms": 1.58741,
    "triton_time_ms": 5.72389,
    "speedup": 0.277331
  }
}