{
  "2mm": {
    "c_ref_time_ms": 168.068107,
    "triton_time_ms": 0.136264,
    "speedup": 1233.397922
  },
  "3mm": {
    "c_ref_time_ms": 302.949966,
    "triton_time_ms": 0.127273,
    "speedup": 2380.315072
  },
  "atax": {
    "c_ref_time_ms": 1.363013,
    "triton_time_ms": 0.212503,
    "speedup": 6.414096
  },
  "bicg": {
    "c_ref_time_ms": 1.55616,
    "triton_time_ms": 0.282342,
    "speedup": 5.511618
  },
  "correlation": {
    "c_ref_time_ms": 199.86382,
    "triton_time_ms": 3.980555,
    "speedup": 50.210044
  },
  "covariance": {
    "c_ref_time_ms": 199.496175,
    "triton_time_ms": 3.993789,
    "speedup": 49.951607
  },
  "deriche": {
    "c_ref_time_ms": 65.183509,
    "triton_time_ms": 2.120989,
    "speedup": 30.732599
  },
  "doitgen": {
    "c_ref_time_ms": 1934.690342,
    "triton_time_ms": 1.441396,
    "speedup": 1342.233869
  },
  "durbin": {
    "c_ref_time_ms": 0.799576,
    "triton_time_ms": 1.918137,
    "speedup": 0.41685
  },
  "fdtd_2d": {
    "c_ref_time_ms": 17.436885,
    "triton_time_ms": 1.133905,
    "speedup": 15.377724
  },
  "floyd_warshall": {
    "c_ref_time_ms": 502.509225,
    "triton_time_ms": 10.917146,
    "speedup": 46.02936
  },
  "gemm": {
    "c_ref_time_ms": 30.66458,
    "triton_time_ms": 0.221476,
    "speedup": 138.455734
  },
  "gemver": {
    "c_ref_time_ms": 6.30362,
    "triton_time_ms": 0.144151,
    "speedup": 43.729144
  },
  "gesummv": {
    "c_ref_time_ms": 3.235696,
    "triton_time_ms": 0.09218,
    "speedup": 35.101828
  },
  "gramschmidt": {
    "c_ref_time_ms": 269.394439,
    "triton_time_ms": 630.04105,
    "speedup": 0.427582
  },
  "jacobi_1d": {
    "c_ref_time_ms": 0.150904,
    "triton_time_ms": 0.073127,
    "speedup": 2.063588
  },
  "jacobi_2d": {
    "c_ref_time_ms": 36.08178,
    "triton_time_ms": 0.995031,
    "speedup": 36.261949
  },
  "lu": {
    "c_ref_time_ms": 353.708789,
    "triton_time_ms": 187.423058,
    "speedup": 1.887221
  },
  "ludcmp": {
    "c_ref_time_ms": 335.960802,
    "triton_time_ms": 354.474705,
    "speedup": 0.947771
  },
  "mvt": {
    "c_ref_time_ms": 4.592136,
    "triton_time_ms": 0.091906,
    "speedup": 49.965802
  },
  "symm": {
    "c_ref_time_ms": 156.623908,
    "triton_time_ms": 16.893582,
    "speedup": 9.271208
  },
  "syr2k": {
    "c_ref_time_ms": 124.853313,
    "triton_time_ms": 0.853696,
    "speedup": 146.250348
  },
  "syrk": {
    "c_ref_time_ms": 50.754795,
    "triton_time_ms": 2.164569,
    "speedup": 23.447987
  },
  "trisolv": {
    "c_ref_time_ms": 5.330244,
    "triton_time_ms": 12.287375,
    "speedup": 0.433798
  },
  "trmm": {
    "c_ref_time_ms": 90.495051,
    "triton_time_ms": 4.522107,
    "speedup": 20.011701
  }
}