{
  "2mm": {
    "c_ref_time_ms": 104.035769,
    "triton_time_ms": 0.089828,
    "speedup": 1158.165175
  },
  "3mm": {
    "c_ref_time_ms": 249.416881,
    "triton_time_ms": 0.160263,
    "speedup": 1556.29993
  },
  "atax": {
    "c_ref_time_ms": 1.819609,
    "triton_time_ms": 0.212403,
    "speedup": 8.566755
  },
  "bicg": {
    "c_ref_time_ms": 1.764803,
    "triton_time_ms": 0.283349,
    "speedup": 6.228381
  },
  "correlation": {
    "c_ref_time_ms": 203.715993,
    "triton_time_ms": 3.98851,
    "speedup": 51.075717
  },
  "covariance": {
    "c_ref_time_ms": 200.791826,
    "triton_time_ms": 4.055807,
    "speedup": 49.507246
  },
  "deriche": {
    "c_ref_time_ms": 72.972768,
    "triton_time_ms": 2.122105,
    "speedup": 34.386973
  },
  "doitgen": {
    "c_ref_time_ms": 146.542953,
    "triton_time_ms": 1.441961,
    "speedup": 101.627529
  },
  "durbin": {
    "c_ref_time_ms": 1.85357,
    "triton_time_ms": 1.930752,
    "speedup": 0.960025
  },
  "fdtd_2d": {
    "c_ref_time_ms": 7.532192,
    "triton_time_ms": 1.059907,
    "speedup": 7.106468
  },
  "floyd_warshall": {
    "c_ref_time_ms": 55.927591,
    "triton_time_ms": 10.584932,
    "speedup": 5.283699
  },
  "gemm": {
    "c_ref_time_ms": 8.751369,
    "triton_time_ms": 0.221625,
    "speedup": 39.487356
  },
  "gemver": {
    "c_ref_time_ms": 7.102352,
    "triton_time_ms": 0.160782,
    "speedup": 44.173907
  },
  "gesummv": {
    "c_ref_time_ms": 4.853963,
    "triton_time_ms": 0.091827,
    "speedup": 52.859759
  },
  "gramschmidt": {
    "c_ref_time_ms": 143.187418,
    "triton_time_ms": 630.134881,
    "speedup": 0.227233
  },
  "heat_3d": {
    "c_ref_time_ms": 875.096574,
    "triton_time_ms": 12.949603,
    "speedup": 67.577094
  },
  "jacobi_1d": {
    "c_ref_time_ms": 0.210339,
    "triton_time_ms": 0.058165,
    "speedup": 3.616269
  },
  "jacobi_2d": {
    "c_ref_time_ms": 11.151747,
    "triton_time_ms": 0.978384,
    "speedup": 11.398134
  },
  "lu": {
    "c_ref_time_ms": 29.967624,
    "triton_time_ms": 186.694182,
    "speedup": 0.160517
  },
  "ludcmp": {
    "c_ref_time_ms": 24.723715,
    "triton_time_ms": 352.972838,
    "speedup": 0.070044
  },
  "mvt": {
    "c_ref_time_ms": 5.160586,
    "triton_time_ms": 0.090102,
    "speedup": 57.275065
  },
  "seidel_2d": {
    "c_ref_time_ms": 24.189816,
    "triton_time_ms": 3013.57032,
    "speedup": 0.008027
  },
  "symm": {
    "c_ref_time_ms": 52.997193,
    "triton_time_ms": 16.785531,
    "speedup": 3.157314
  },
  "syr2k": {
    "c_ref_time_ms": 16.457418,
    "triton_time_ms": 0.85268,
    "speedup": 19.300818
  },
  "syrk": {
    "c_ref_time_ms": 10.565957,
    "triton_time_ms": 2.173281,
    "speedup": 4.861754
  },
  "trisolv": {
    "c_ref_time_ms": 2.477894,
    "triton_time_ms": 12.190171,
    "speedup": 0.20327
  },
  "trmm": {
    "c_ref_time_ms": 8.975601,
    "triton_time_ms": 4.481968,
    "speedup": 2.002603
  }
}