{
  "32MB": {
    "s3112": {
      "c_st_ms": 9.948541410267353,
      "c_omp_ms": 9.994863392785192,
      "c_omp_gpu_ms": 9.856257,
      "triton_ms": 4.024926200509071,
      "N": 8000000,
      "speedup_vs_st": 2.47173262680172,
      "speedup_vs_omp": 2.4832414049035343,
      "speedup_vs_omp_gpu": 2.4488044026132414
    },
    "s3251": {
      "c_st_ms": 19.61956387385726,
      "c_omp_ms": 3.392389416694641,
      "c_omp_gpu_ms": 0.246959,
      "triton_ms": 0.3514673560857773,
      "N": 8000000,
      "speedup_vs_st": 55.82186662328041,
      "speedup_vs_omp": 9.65207538610417,
      "speedup_vs_omp_gpu": 0.7026513151899333
    },
    "s1221": {
      "c_st_ms": 7.153674261644483,
      "c_omp_ms": 0.9063235018402338,
      "c_omp_gpu_ms": 0.120848,
      "triton_ms": 0.8625487796962261,
      "N": 8000000,
      "speedup_vs_st": 8.293646029113711,
      "speedup_vs_omp": 1.050750430786563,
      "speedup_vs_omp_gpu": 0.14010569934672037
    },
    "s000": {
      "c_st_ms": 6.209979997947812,
      "c_omp_ms": 1.0365841910243034,
      "c_omp_gpu_ms": 0.082563,
      "triton_ms": 0.08168471977114677,
      "N": 8000000,
      "speedup_vs_st": 76.0237657097447,
      "speedup_vs_omp": 12.690062400023715,
      "speedup_vs_omp_gpu": 1.0107520749451533
    },
    "s1161": {
      "c_st_ms": 32.66248810105026,
      "c_omp_ms": 2.917085075750947,
      "c_omp_gpu_ms": 0.153854,
      "triton_ms": 0.4151533357799053,
      "N": 8000000,
      "speedup_vs_st": 78.67572119995289,
      "speedup_vs_omp": 7.026524477446202,
      "speedup_vs_omp_gpu": 0.37059560104694933
    },
    "s1213": {
      "c_st_ms": 13.414589874446392,
      "c_omp_ms": 2.3235628847032785,
      "c_omp_gpu_ms": 0.232508,
      "triton_ms": 0.2738689072430134,
      "N": 8000000,
      "speedup_vs_st": 48.981792089830634,
      "speedup_vs_omp": 8.484215707778395,
      "speedup_vs_omp_gpu": 0.848975527527437
    },
    "s1244": {
      "c_st_ms": 13.075616071000695,
      "c_omp_ms": 2.2961320355534554,
      "c_omp_gpu_ms": 0.19629,
      "triton_ms": 808.8066845200956,
      "N": 8000000,
      "speedup_vs_st": 0.01616655292452126,
      "speedup_vs_omp": 0.0028389132774240887,
      "speedup_vs_omp_gpu": 0.00024269087256180186
    },
    "s1251": {
      "c_st_ms": 15.501818666234612,
      "c_omp_ms": 15.465470124036074,
      "c_omp_gpu_ms": 13.175183,
      "triton_ms": 0.2668260596692562,
      "N": 8000000,
      "speedup_vs_st": 58.09709398493485,
      "speedup_vs_omp": 57.96086837697289,
      "speedup_vs_omp_gpu": 49.377422191562836
    },
    "s1279": {
      "c_st_ms": 40.723340306431055,
      "c_omp_ms": 2.4730147793889046,
      "c_omp_gpu_ms": 0.049056,
      "triton_ms": 0.225045345723629,
      "N": 8000000,
      "speedup_vs_st": 180.9561543051954,
      "speedup_vs_omp": 10.988962119776229,
      "speedup_vs_omp_gpu": 0.2179827351783765
    },
    "s1281": {
      "c_st_ms": 15.44703608378768,
      "c_omp_ms": 15.378019120544195,
      "c_omp_gpu_ms": 12.805911,
      "triton_ms": 0.2650805748999119,
      "N": 8000000,
      "speedup_vs_st": 58.27298393939319,
      "speedup_vs_omp": 58.01262173341283,
      "speedup_vs_omp_gpu": 48.30950364746722
    },
    "s1351": {
      "c_st_ms": 8.15077070146799,
      "c_omp_ms": 7.997772982344031,
      "c_omp_gpu_ms": 7.976003,
      "triton_ms": 0.11880621314048767,
      "N": 8000000,
      "speedup_vs_st": 68.60559297374246,
      "speedup_vs_omp": 67.3178007356123,
      "speedup_vs_omp_gpu": 67.13456130925091
    },
    "s1421": {
      "c_st_ms": 4.345609666779637,
      "c_omp_ms": 0.485979113727808,
      "c_omp_gpu_ms": 0.064327,
      "triton_ms": 0.062364619225263596,
      "N": 8000000,
      "speedup_vs_st": 69.6806894800899,
      "speedup_vs_omp": 7.792545192530259,
      "speedup_vs_omp_gpu": 1.0314662512032375
    },
    "s2244": {
      "c_st_ms": 13.175365468487144,
      "c_omp_ms": 2.0197332371026278,
      "c_omp_gpu_ms": 0.15402,
      "triton_ms": 0.15187477692961693,
      "N": 8000000,
      "speedup_vs_st": 86.75150498883025,
      "speedup_vs_omp": 13.298674591888483,
      "speedup_vs_omp_gpu": 1.014124946312693
    },
    "s2251": {
      "c_st_ms": 15.466091549023986,
      "c_omp_ms": 15.411497000604868,
      "c_omp_gpu_ms": 13.46163,
      "triton_ms": 0.23057013750076294,
      "N": 8000000,
      "speedup_vs_st": 67.07760040682983,
      "speedup_vs_omp": 66.84081975079653,
      "speedup_vs_omp_gpu": 58.384100152412216
    },
    "s2710": {
      "c_st_ms": null,
      "c_omp_ms": null,
      "c_omp_gpu_ms": null,
      "triton_ms": null,
      "N": 8000000,
      "speedup_vs_st": null,
      "speedup_vs_omp": null,
      "speedup_vs_omp_gpu": null
    },
    "s2711": {
      "c_st_ms": 11.346552055329084,
      "c_omp_ms": 1.4961342327296734,
      "c_omp_gpu_ms": 0.153752,
      "triton_ms": 0.15155691653490067,
      "N": 8000000,
      "speedup_vs_st": 74.86660665015701,
      "speedup_vs_omp": 9.87176479263579,
      "speedup_vs_omp_gpu": 1.0144835584893537
    },
    "s2712": {
      "c_st_ms": 23.724553734064102,
      "c_omp_ms": 1.7990787979215384,
      "c_omp_gpu_ms": 0.153528,
      "triton_ms": 0.1516725867986679,
      "N": 8000000,
      "speedup_vs_st": 156.41952336157075,
      "speedup_vs_omp": 11.861595004703506,
      "speedup_vs_omp_gpu": 1.0122330161335944
    },
    "s3111": {
      "c_st_ms": 35.64839782193303,
      "c_omp_ms": 31.388555932790037,
      "c_omp_gpu_ms": null,
      "triton_ms": 4.401363525539637,
      "N": 8000000,
      "speedup_vs_st": 8.09939865568416,
      "speedup_vs_omp": 7.131552699669721,
      "speedup_vs_omp_gpu": null
    },
    "s31111": {
      "c_st_ms": 0.0004808418452739715,
      "c_omp_ms": 0.0004263129085302353,
      "c_omp_gpu_ms": null,
      "triton_ms": 0.05012005567550659,
      "N": 8000000,
      "speedup_vs_st": 0.009593801100044595,
      "speedup_vs_omp": 0.00850583469600119,
      "speedup_vs_omp_gpu": null
    },
    "s3113": {
      "c_st_ms": null,
      "c_omp_ms": null,
      "c_omp_gpu_ms": null,
      "triton_ms": null,
      "N": 8000000,
      "speedup_vs_st": null,
      "speedup_vs_omp": null,
      "speedup_vs_omp_gpu": null
    },
    "s4112": {
      "c_st_ms": null,
      "c_omp_ms": null,
      "c_omp_gpu_ms": null,
      "triton_ms": null,
      "N": 8000000,
      "speedup_vs_st": null,
      "speedup_vs_omp": null,
      "speedup_vs_omp_gpu": null
    },
    "s4113": {
      "c_st_ms": null,
      "c_omp_ms": null,
      "c_omp_gpu_ms": 1.617084,
      "triton_ms": null,
      "N": 8000000,
      "speedup_vs_st": null,
      "speedup_vs_omp": null,
      "speedup_vs_omp_gpu": null
    },
    "s4114": {
      "c_st_ms": null,
      "c_omp_ms": null,
      "c_omp_gpu_ms": 4e-06,
      "triton_ms": null,
      "N": 8000000,
      "speedup_vs_st": null,
      "speedup_vs_omp": null,
      "speedup_vs_omp_gpu": null
    },
    "s4115": {
      "c_st_ms": null,
      "c_omp_ms": null,
      "c_omp_gpu_ms": null,
      "triton_ms": null,
      "N": 8000000,
      "speedup_vs_st": null,
      "speedup_vs_omp": null,
      "speedup_vs_omp_gpu": null
    },
    "s4117": {
      "c_st_ms": 9.594626119360328,
      "c_omp_ms": 1.7332840245217085,
      "c_omp_gpu_ms": 0.13972,
      "triton_ms": 0.13591637834906578,
      "N": 8000000,
      "speedup_vs_st": 70.59212609917425,
      "speedup_vs_omp": 12.752576588453676,
      "speedup_vs_omp_gpu": 1.0279850132643
    },
    "s4121": {
      "c_st_ms": 14.807884767651558,
      "c_omp_ms": 1.63209717720747,
      "c_omp_gpu_ms": null,
      "triton_ms": 0.15209093689918518,
      "N": 8000000,
      "speedup_vs_st": 97.36204582306634,
      "speedup_vs_omp": 10.731061366853963,
      "speedup_vs_omp_gpu": null
    },
    "va": {
      "c_st_ms": 6.027446687221527,
      "c_omp_ms": 0.9267850778996944,
      "c_omp_gpu_ms": 0.082803,
      "triton_ms": 0.08108140900731087,
      "N": 8000000,
      "speedup_vs_st": 74.33820848720143,